query,fast_path_latency_ms
कॉर्पोरेशन क्या है?,153.83
रेचल कार्सन ने क्यों एक दायित्व बर्दाश्त करने के लिए लिखा,145.6
पोटेशियम में कम खाद्य पदार्थों का चार्ट।,161.58
मालवाहक जहाज़ के नीचे की तरफ,155.69
ईमानदारी या सच्चाई की परिभाषा,141.76
लिंकन में अब वायुमंडलीय दबाव क्या है?,145.82
स्ट्रूथर्स शहर स्कूल जिला राज्य संख्या,149.1
क्या चिकित्सीय मारिजुआना मदत करता है?,146.24
फ्रैंक गिफोर्ड ने कितनी महिलाओं से शादी की,145.76
कितनी ट्रम्प प्रशासन की जांच चल रही हैं,147.96
"वॉव पर अनुयायियों को कैसे इकट्ठा किया जाए, इसका मार्गदर्शक",146.75
ज़ेल्स कितने समय तक दूर रहना पड़ता है,146.74
प्रदूषण के कारण मानव आबादी कैसे बढ़ती है,143.82
एन.एच.एल. प्लेऑफ़ सीडिंग कैसे काम करती है,144.44
क्या गंदगी के कारण दाद होता है?,141.52
एक ताज को फिर से बनाने की कीमत कितनी होती है,143.3
बैरल ओ स्लाइम क्या है?,139.46
बाज़ कितनी तेजी से यात्रा करता है,139.33
स्टबहब टोल फ्री नंबर,140.55
सौर शहर के पैनल कितना कि.डब्ल्यू उत्पादन करते हैं,164.83
पहली रक्षा नाक फ़िल्टर बिक्री संख्या,145.06
विंडोज 8 पर स्पष्ट डेस्कटॉप आइकन कैसे प्राप्त करें,141.37
क्या डेल्टा बैंगलोर के लिए उड़ान भरता है?,144.04
कैंटालूप को कितने समय तक परिपक्व होना है,146.71
परिवर्तक को परीक्षण पाइप से बदलने की लागत,143.04
परिभाषा मनमानी है,152.44
स्नातक डिग्री की डिग्री के लिए समय की गणना कैसे की जाती है,147.9
किन्ना पारस्परिक आदान-प्रदान होता है और इसकी समस्याएं क्या हैं,147.41
क्या रोब्लॉक्स में पावर रेंजर इवेंट होता था?,146.05
जलवायु मौसम का अध्ययन,140.14
तेल मिश्रित जड़ी-बूटी का संक्षेपण कैसे बनाएं,145.09
समाजशास्त्र की परिभाषा की संस्कृति,143.68
मूलगामी गर्दन को परिभाषित करें,152.41
आधा कप में कितने औंस होते हैं,139.76
कार्यदिवस को परिभाषित करें।,139.95
कितने खर्च होते हैं यू.एस.एक्स. गेम्स?,145.55
क्या एक हस्ताक्षरित विनिर्णय को रद्द किया जा सकता है?,148.46
कांच के पैनल पर आ रहे तनाव का समाधान किया जा सकता है,151.72
आधारभूत क्या है जीने में?,145.0
बोनिवा कितना प्रभावी है,179.84
आपको कितने समय तक कार्ब चक्र लगाना चाहिए,166.77
स्टाई कारण होता है,159.22
रेडिंग का उच्चतम रिकॉर्ड तापमान,144.56
दो बहनों के ब्रंच की कीमत,143.17
मैट लॉयर एक साल में कितना कमाता है,144.05
कैलिफोर्निया के घरेलू हिंसा के कानून,143.97
एक 'एक्सेल शीट' कैसे प्रिंट करें,144.71
डेथ हेड यूनिट्स की परिभाषा,149.74
मक्का का भोजन और मक्का का आटा एक जैसा ही है।,147.82
क्या बुनियादी है?,150.5
तत्वों की एंट्रॉपी,166.47
क्या लाल स्वादिष्ट सेब अच्छी सेब की चटनी बनाते हैं?,151.37
एक टिकट कवर कितना वजन करता है,143.82
वयस्कों में विस्थापन में सीमावर्ती व्यक्तित्व विकार के लक्षण,144.95
विटामिन डी की मदद करने वाले खाद्य पदार्थ,142.03
कैरेबियन में दिसंबर का औसत तापमान,139.29
मकई के एक कण को माइक्रोवेव में कितने समय तक पकाना है?,154.38
अल्डी ऑस्ट्रेलिया के खुलने के समय,142.36
शिकागो से रोनाल्ड रीगन हवाई अड्डे के लिए उड़ानें,148.72
स्थानीय डिस्क की परिभाषा,144.72
बैटमैन हवेली का नाम क्या है,139.79
वाईफ़ाई टैबलेट कैसे काम करते हैं,142.61
रोमन एटवुड कितना पुराना है,152.94
कंधे की रिकवरी कितने समय तक चलती है,147.54
क्या भारतीय लोग चावल खाते हैं?,147.13
सब स्लैब परिभाषा,148.51
आस्त माबा,150.04
फिलाडेल्फिया लैंकेस्टर से कितनी दूर है,148.25
कैलिफोर्निया नशीले पदार्थ कानून,150.35
कवनसोलॉपर के गोदाम के लिए पर्यवेक्षक की वेतन दर कितनी है,153.2
छोटे खीरे में कैलोरी की मात्रा,148.57
बैटरी का जीवन क्या है,141.96
साइट्रिक्स ज़ेनैप सर्वर से कनेक्ट नहीं कर सकता है,145.64
एक्सकॉम 2 को ज्यादा सुचारू रूप से चलाने का तरीका,150.7
"मेरा क्या खयाल है मायरा, मुझे तो बस यही सोच-सोचकर घबराहट हो रही है।",156.41
कर्ब इवेंट सेंटर,148.98
परिभाषित करें: थ्रूपुट,146.81
सुबारू हेड गैसकेट लक्षण,154.34
स्कॉट्सडेल रीसाइक्लिंग कार्यक्रम का शहर,142.16
जापानी पोकेमॉन कोलोसियम सेलेबी चमकदार हो सकता है,150.95
गंभीर अपराध के आरोपों की परिभाषा,143.04
क्या उच्च टी.एस. स्तर एक नकारात्मक गर्भावस्था परीक्षण का कारण बन सकता है?,149.94
गैलेंटाइन परिभाषा,141.71
रद्द की गई जाँच की परिभाषा,140.7
जब मैं निगलता हूँ तो छाती में ऊपरी दाहिनी तरफ दर्द होता है जैसे कि वहाँ कुछ फंस गया है।,155.96
फोरेंसिक प्रमाण तकनीशियन स्कूली शिक्षा,142.48
सुगंधित पानी कितना प्रभावी है,142.61
आपका चेकिंग खाता आपके क्रेडिट अंक को कैसे प्रभावित कर सकता है,143.69
कितना पानी एक बहते हुए शौचालय के कचरे में जा सकता है,143.38
अवकशेषीय तंतुमय अर्थात्,146.71
कितने समय तक आई.आर.एस. रिकॉर्ड रखें,145.21
पूर्ण सेट दंत चिकित्सक कितना विकिरण करता है,149.22
संघीय ठेकेदार की परिभाषा,144.77
बट्टी क्या है,140.26
पोर्टेबल रंगीन टीवी वीडियोकॉन की लागत,146.13
नियमित गतिविधि को परिभाषित करें।,138.0
दुनिया की सबसे बड़ी ओरिगामी,140.1
एरे में सेल को परिभाषित करना,139.7
क्या आप ठंडी शराब पी रहे हैं?,140.5
फ्रांसीसी अनुवाद: जहाँ है,142.46
